Username,Password,Response Code,Response Length
PCBG%5Caallen,Winter2019,200,17909
PCBG%5Caanderson,Winter2019,200,17909
PCBG%5Caccounting,Winter2019,200,17909
PCBG%5Cacowie,Winter2019,200,17909
PCBG%5Cacrosby,Winter2019,200,17909
PCBG%5Cacyprowski,Winter2019,200,17909
PCBG%5Cadean,Winter2019,200,17909
PCBG%5Cadmissions,Winter2019,200,17909
PCBG%5Cadmissionsdistributiongroup,Winter2019,200,17909
PCBG%5Cadulteducationdistributiongroup,Winter2019,200,17909
PCBG%5Caebenstein,Winter2019,200,17909
PCBG%5Caglick,Winter2019,200,17909
PCBG%5Cagundlach,Winter2019,200,17909
PCBG%5Cahaas,Winter2019,200,17909
PCBG%5Cahindman,Winter2019,200,17909
PCBG%5Cahoward,Winter2019,200,17909
PCBG%5Cakirstein,Winter2019,200,17909
PCBG%5Cakoteski,Winter2019,200,17909
PCBG%5Cakrick,Winter2019,200,17909
PCBG%5Caltru,Winter2019,200,17909
PCBG%5CAltruConversion,Winter2019,200,17909
PCBG%5Casciulli,Winter2019,200,17909
PCBG%5Caniruttan,Winter2019,200,17909
PCBG%5Cannualgiving,Winter2019,200,17909
PCBG%5Cap,Winter2019,200,17909
PCBG%5Cacubarney,Winter2019,200,17909
PCBG%5Casmith,Winter2019,200,17909
PCBG%5Casuleski,Winter2019,200,17909
PCBG%5Catyner,Winter2019,200,17909
PCBG%5Caward,Winter2019,200,17909
PCBG%5Cbeebalm,Winter2019,200,17909
PCBG%5Cbia,Winter2019,200,17909
PCBG%5Cbioblitz,Winter2019,200,17909
PCBG%5Cbiophilia,Winter2019,200,17909
PCBG%5CBNovak,Winter2019,200,17909
PCBG%5Cbrutkowski,Winter2019,200,17909
PCBG%5Cbscott,Winter2019,200,17909
PCBG%5Cbsmith,Winter2019,200,17909
PCBG%5Cbtisherman,Winter2019,200,17909
PCBG%5CBuildingAutomationAlerts,Winter2019,200,17909
PCBG%5Cbusinessofficedistributiongroup,Winter2019,200,17909
PCBG%5Cbwalsh,Winter2019,200,17909
PCBG%5Ccafedistributiongroup,Winter2019,200,17909
PCBG%5Cchooks,Winter2019,200,17909
PCBG%5Ccatering,Winter2019,200,17909
PCBG%5CCateringForwardGroup,Winter2019,200,17909
PCBG%5Ccateringforwardinggroup,Winter2019,200,17909
PCBG%5Ccbauman,Winter2019,200,17909
PCBG%5Ccbotti-schwartz,Winter2019,200,17909
PCBG%5Ccdunlap,Winter2019,200,17909
PCBG%5CCDusak,Winter2019,200,17909
PCBG%5Cceeva,Winter2019,200,17909
PCBG%5Ccreed,Winter2019,200,17909
PCBG%5Ccfo,Winter2019,200,17909
PCBG%5Ccgeorge,Winter2019,200,17909
PCBG%5Cckrenn,Winter2019,200,17909
PCBG%5Cckupis,Winter2019,200,17909
PCBG%5Cclassroom_atrium,Winter2019,200,17909
PCBG%5Ccmalmborg,Winter2019,200,17909
PCBG%5Ccnalitz,Winter2019,200,17909
PCBG%5Ccneumann,Winter2019,200,17909
PCBG%5Ccnolan,Winter2019,200,17909
PCBG%5CConfRooms,Winter2019,200,17909
PCBG%5Ccdemery,Winter2019,200,17909
PCBG%5CCPesanka,Winter2019,200,17909
PCBG%5Ccsalitrik,Winter2019,200,17909
PCBG%5Ccsl,Winter2019,200,17909
PCBG%5CCSLConferenceRooms,Winter2019,200,17909
PCBG%5Ccslsitestaffdistributiongroup,Winter2019,200,17909
PCBG%5CCSL1-AMP,Winter2019,200,17909
PCBG%5CCSL1-ATRIUM,Winter2019,200,17909
PCBG%5CCSL1-BREAKRM,Winter2019,200,17909
PCBG%5CCSL1-CLASSRM,Winter2019,200,17909
PCBG%5CCSL1-CONF-1,Winter2019,200,17909
PCBG%5CCSL1-OUTDOOR,Winter2019,200,17909
PCBG%5CCSL1-PHONE,Winter2019,200,17909
PCBG%5CCSL2-ATRIUM,Winter2019,200,17909
PCBG%5CCSL2-BRKOUT,Winter2019,200,17909
PCBG%5CCSL2-CONF-1,Winter2019,200,17909
PCBG%5CCSL2-CONF-2,Winter2019,200,17909
PCBG%5CCSL2-CONF-3,Winter2019,200,17909
PCBG%5CCSL3-Atrium,Winter2019,200,17909
PCBG%5CCSL3-ROOF,Winter2019,200,17909
PCBG%5Ccspadmin,Winter2019,200,17909
PCBG%5Ccvsitestaffdistributiongroup,Winter2019,200,17909
PCBG%5CCV-BH1-KITCHEN,Winter2019,200,17909
PCBG%5CCV-BH2-LEC,Winter2019,200,17909
PCBG%5CCV-BRODERIE,Winter2019,200,17909
PCBG%5CCV-CAFE,Winter2019,200,17909
PCBG%5CCV-DESERT,Winter2019,200,17909
PCBG%5CCV-DISCOVERY,Winter2019,200,17909
PCBG%5CCV-EAST,Winter2019,200,17909
PCBG%5CCV-EVENTS,Winter2019,200,17909
PCBG%5CCV-FERN,Winter2019,200,17909
PCBG%5CCV-FRUIT,Winter2019,200,17909
PCBG%5CCV-GALLERY,Winter2019,200,17909
PCBG%5CCV-JAPANESE,Winter2019,200,17909
PCBG%5CCV-ORCHID,Winter2019,200,17909
PCBG%5CCV-OUTDOOR,Winter2019,200,17909
PCBG%5CCV-PALM,Winter2019,200,17909
PCBG%5CCV-SERP,Winter2019,200,17909
PCBG%5CCV-SOUTH,Winter2019,200,17909
PCBG%5CCV-STOVE,Winter2019,200,17909
PCBG%5CCV-SUNKEN,Winter2019,200,17909
PCBG%5CCV-TROPICAL,Winter2019,200,17909
PCBG%5CCV-VICTORIA,Winter2019,200,17909
PCBG%5CCV-WELCOME,Winter2019,200,17909
PCBG%5Ccwalker,Winter2019,200,17909
PCBG%5Ccweisberg,Winter2019,200,17909
PCBG%5Ccwinkelbauer,Winter2019,200,17909
PCBG%5Cdpatton,Winter2019,200,17909
PCBG%5Cddelzer,Winter2019,200,17909
PCBG%5Cddiehl,Winter2019,200,17909
PCBG%5Cdebaugh,Winter2019,200,17909
PCBG%5Cdeinloth,Winter2019,200,17909
PCBG%5Cdevelopment,Winter2019,200,17909
PCBG%5Cdevelopmentdistributiongroup,Winter2019,200,17909
PCBG%5Cdevelopmentintern,Winter2019,200,17909
PCBG%5Cdevtemp,Winter2019,200,17909
PCBG%5Cdgoldhagen,Winter2019,200,17909
PCBG%5Cdwysocki,Winter2019,200,17909
PCBG%5Cdirectorsofficedistributiongroup,Winter2019,200,17909
PCBG%5Cdiscoverydistributiongroup,Winter2019,200,17909
PCBG%5Cdknorr,Winter2019,200,17909
PCBG%5Cdlucas,Winter2019,200,17909
PCBG%5Cdrphipps,Winter2019,200,17909
PCBG%5Cdswank,Winter2019,200,17909
PCBG%5Cechierici,Winter2019,200,17909
PCBG%5Cedu2,Winter2019,200,17909
PCBG%5Ceglowczewski,Winter2019,200,17909
PCBG%5Cehorner,Winter2019,200,17909
PCBG%5Cejohns,Winter2019,200,17909
PCBG%5Cemasterson,Winter2019,200,17909
PCBG%5Cemelbert,Winter2019,200,17909
PCBG%5Cenye,Winter2019,200,17909
PCBG%5Cepoole,Winter2019,200,17909
PCBG%5Cesaltmarsh,Winter2019,200,17909
PCBG%5CESCPIN,Winter2019,200,17909
PCBG%5Ceventsalesdistributiongroup,Winter2019,200,17909
PCBG%5Ceventsales,Winter2019,200,17909
PCBG%5Cexecdir,Winter2019,200,17909
PCBG%5Cfacilities,Winter2019,200,17909
PCBG%5Cfacilitiesdistributiongroup,Winter2019,200,17909
PCBG%5Cfairchildchallenge,Winter2019,200,17909
PCBG%5Cfoldestierna,Winter2019,200,17909
PCBG%5Cgamrathnights,Winter2019,200,17909
PCBG%5Cgardencenter,Winter2019,200,17909
PCBG%5Cgarthur,Winter2019,200,17909
PCBG%5Cgcsitestaffdistributiongroup,Winter2019,200,17909
PCBG%5CGC1-CLASS1,Winter2019,200,17909
PCBG%5CGC1-CLASS2,Winter2019,200,17909
PCBG%5CGC1-KITCHEN,Winter2019,200,17909
PCBG%5CGC1-LARGE,Winter2019,200,17909
PCBG%5CGC1-LIB,Winter2019,200,17909
PCBG%5CGC1-PATIO,Winter2019,200,17909
PCBG%5CGC1-SMALL,Winter2019,200,17909
PCBG%5CGC2-CONF,Winter2019,200,17909
PCBG%5Cgdepasquale,Winter2019,200,17909
PCBG%5CGDuFour,Winter2019,200,17909
PCBG%5Cgiftshopdistributiongroup,Winter2019,200,17909
PCBG%5CGreen_Roof_Atrium,Winter2019,200,17909
PCBG%5CGreenline,Winter2019,200,17909
PCBG%5Cgrouptours,Winter2019,200,17909
PCBG%5Cgroupvisits,Winter2019,200,17909
PCBG%5Cgtilove,Winter2019,200,17909
PCBG%5Cguestservice,Winter2019,200,17909
PCBG%5Cgwalton,Winter2019,200,17909
PCBG%5Cgworthington,Winter2019,200,17909
PCBG%5Cgyao,Winter2019,200,17909
PCBG%5Chstarcher,Winter2019,200,17909
PCBG%5Chulmer,Winter2019,200,17909
PCBG%5Chcurcio,Winter2019,200,17909
PCBG%5Choaryskullcap,Winter2019,200,17909
PCBG%5Chomegrown,Winter2019,200,17909
PCBG%5Chort,Winter2019,200,17909
PCBG%5Chorticulturedistributiongroup,Winter2019,200,17909
PCBG%5Chr,Winter2019,200,17909
PCBG%5Chshannon,Winter2019,200,17909
PCBG%5Chumanresourcesdistributiongroup,Winter2019,200,17909
PCBG%5Cibuena,Winter2019,200,17909
PCBG%5Cinformationtechnologydistributiongroup,Winter2019,200,17909
PCBG%5Cisegev,Winter2019,200,17909
PCBG%5Citmgr,Winter2019,200,17909
PCBG%5Citsupport,Winter2019,200,17909
PCBG%5Ciweaver-herrera,Winter2019,200,17909
PCBG%5Cjbodnar,Winter2019,200,17909
PCBG%5Cjcheeseman,Winter2019,200,17909
PCBG%5Cjcrockett,Winter2019,200,17909
PCBG%5Cjecklin,Winter2019,200,17909
PCBG%5Cjnguyen,Winter2019,200,17909
PCBG%5Cjpontis,Winter2019,200,17909
PCBG%5Cjevans,Winter2019,200,17909
PCBG%5Cjfabus,Winter2019,200,17909
PCBG%5Cjfaust,Winter2019,200,17909
PCBG%5Cjhardy,Winter2019,200,17909
PCBG%5Cjhorenstein,Winter2019,200,17909
PCBG%5Cjhutto,Winter2019,200,17909
PCBG%5CJKortz,Winter2019,200,17909
PCBG%5Cjlabar,Winter2019,200,17909
PCBG%5Cjlong,Winter2019,200,17909
PCBG%5Cjmelino,Winter2019,200,17909
PCBG%5Cjmorgan,Winter2019,200,17909
PCBG%5Cjolshock,Winter2019,200,17909
PCBG%5Cjpaterson,Winter2019,200,17909
PCBG%5Cjrazryadov,Winter2019,200,17909
PCBG%5Cjreed,Winter2019,200,17909
PCBG%5Cjsmith2,Winter2019,200,17909
PCBG%5Cjsmith,Winter2019,200,17909
PCBG%5Cjsutter,Winter2019,200,17909
PCBG%5Cjtorrance,Winter2019,200,17909
PCBG%5Cjwirick,Winter2019,200,17909
PCBG%5Cksantelli,Winter2019,200,17909
PCBG%5Ckseech,Winter2019,TIMEOUT,TIMEOUT
PCBG%5Ckclem,Winter2019,200,17909
PCBG%5Ckdunkelberger,Winter2019,200,17909
PCBG%5Ckgreen,Winter2019,200,17909
PCBG%5Ckhaughey,Winter2019,200,17909
PCBG%5Ckkelly,Winter2019,200,17909
PCBG%5CKKelty,Winter2019,200,17909
PCBG%5Cklarsen,Winter2019,200,17909
PCBG%5Cklightell,Winter2019,200,17909
PCBG%5Cklynch,Winter2019,200,17909
PCBG%5Ckmascatelli,Winter2019,200,17909
PCBG%5Ckorlandini,Winter2019,200,17909
PCBG%5Ckragen,Winter2019,200,17909
PCBG%5Ckregan,Winter2019,200,17909
PCBG%5Ckschuller,Winter2019,200,17909
PCBG%5Ckuranker,Winter2019,200,17909
PCBG%5Ckwalsh,Winter2019,200,17909
PCBG%5CKWerner,Winter2019,200,17909
PCBG%5Ckzuch,Winter2019,200,17909
PCBG%5Clbaumann,Winter2019,200,17909
PCBG%5Cldap,Winter2019,200,17909
PCBG%5Cldelorenze,Winter2019,200,17909
PCBG%5Cletsmove,Winter2019,200,17909
PCBG%5Clfarren,Winter2019,200,17909
PCBG%5Clleiden,Winter2019,200,17909
PCBG%5Clmp,Winter2019,200,17909
PCBG%5Clmpvolunteer,Winter2019,200,17909
PCBG%5Clquirin,Winter2019,200,17909
PCBG%5Clschoch,Winter2019,200,17909
PCBG%5Clthompson,Winter2019,200,17909
PCBG%5Clweeks,Winter2019,200,17909
PCBG%5Cmallworth,Winter2019,200,17909
PCBG%5Cmaltieri,Winter2019,200,17909
PCBG%5Cmangers,Winter2019,200,17909
PCBG%5Cmwheeler-dubas,Winter2019,200,17909
PCBG%5Cmarketingintern,Winter2019,200,17909
PCBG%5Cmarket,Winter2019,200,17909
PCBG%5Cmarketingdistributiongroup,Winter2019,200,17909
PCBG%5Cmartemp,Winter2019,200,17909
PCBG%5Cmbechtel,Winter2019,200,17909
PCBG%5Cmbelonus,Winter2019,200,17909
PCBG%5Cmboring,Winter2019,200,17909
PCBG%5Cmbosco,Winter2019,200,17909
PCBG%5Cmbray,Winter2019,200,17909
PCBG%5Cmcassidy,Winter2019,200,17909
PCBG%5Cmchecchio,Winter2019,200,17909
PCBG%5Cmdamico,Winter2019,200,17909
PCBG%5Cmdangelo,Winter2019,200,17909
PCBG%5Cmdemars,Winter2019,200,17909
PCBG%5Cmsmallwood,Winter2019,200,17909
PCBG%5Cmembers,Winter2019,200,17909
PCBG%5Cmembershipdistributiongroup,Winter2019,200,17909
PCBG%5Cmemtemp,Winter2019,200,17909
PCBG%5Cmfarrell,Winter2019,200,17909
PCBG%5Cmfindley,Winter2019,200,17909
PCBG%5Cmfrank,Winter2019,200,17909
PCBG%5Cmgalia,Winter2019,200,17909
PCBG%5Cmgraf,Winter2019,200,17909
PCBG%5Cmkrywicki,Winter2019,200,17909
PCBG%5Cmlinton,Winter2019,200,17909
PCBG%5Cmlocante,Winter2019,200,17909
PCBG%5Cmlovelace,Winter2019,200,17909
PCBG%5Cmlowman,Winter2019,200,17909
PCBG%5Cmmarchese,Winter2019,200,17909
PCBG%5Cmmears,Winter2019,200,17909
PCBG%5Cmmillward,Winter2019,200,17909
PCBG%5CMODReportRecipients,Winter2019,200,17909
PCBG%5CMHarris,Winter2019,200,17909
PCBG%5Cmquenaudon,Winter2019,200,17909
PCBG%5CMRadebaugh,Winter2019,200,17909
PCBG%5Cmrhoades,Winter2019,200,17909
PCBG%5Cmrizk,Winter2019,200,17909
PCBG%5Cmscanlon,Winter2019,200,17909
PCBG%5Cmspirer,Winter2019,200,17909
PCBG%5Cmtkacs,Winter2019,200,17909
PCBG%5Cmtrinkle,Winter2019,200,17909
PCBG%5Cmwroble,Winter2019,200,17909
PCBG%5Cmwu,Winter2019,200,17909
PCBG%5Cmyocolano,Winter2019,200,17909
PCBG%5Cnbowser,Winter2019,200,17909
PCBG%5Cncovington,Winter2019,200,17909
PCBG%5CNJankowiak,Winter2019,200,17909
PCBG%5Cnrodrigues,Winter2019,200,17909
PCBG%5Cnrubenstein,Winter2019,200,17909
PCBG%5Cntelech,Winter2019,200,17909
PCBG%5Cntoscano,Winter2019,200,17909
PCBG%5Cnzoldak,Winter2019,200,17909
PCBG%5COffice_Level_Atrium,Winter2019,200,17909
PCBG%5Cpaypal,Winter2019,200,17909
PCBG%5CPhipps1,Winter2019,200,17909
PCBG%5Cphippsconservatorystaffdistributiongroup,Winter2019,200,17909
PCBG%5Cresearchcal,Winter2019,200,17909
PCBG%5Cprice,Winter2019,200,17909
PCBG%5Cpricklypear,Winter2019,200,17909
PCBG%5Cpwidek,Winter2019,200,17909
PCBG%5Crkernic,Winter2019,200,17909
PCBG%5Cresearch,Winter2019,200,17909
PCBG%5Creservations,Winter2019,200,17909
PCBG%5Crkleekpo,Winter2019,200,17909
PCBG%5CRPiacentini,Winter2019,200,17909
PCBG%5Crskolnicki,Winter2019,200,17909
PCBG%5Crstipcak,Winter2019,200,17909
PCBG%5Crgott,Winter2019,200,17909
PCBG%5Csabbott,Winter2019,200,17909
PCBG%5Csafety,Winter2019,200,17909
PCBG%5Csmalcom,Winter2019,200,17909
PCBG%5Csbertovich,Winter2019,200,17909
PCBG%5Csbucklin,Winter2019,200,17909
PCBG%5Cscarini,Winter2019,200,17909
PCBG%5Cscied,Winter2019,200,17909
PCBG%5Csciedintern,Winter2019,200,17909
PCBG%5Cscienceeducationdistributiongroup,Winter2019,200,17909
PCBG%5CSDuncan,Winter2019,200,17909
PCBG%5Cnaturelab,Winter2019,200,17909
PCBG%5Csellis,Winter2019,200,17909
PCBG%5Csgriffen,Winter2019,200,17909
PCBG%5Cshaines,Winter2019,200,17909
PCBG%5Csfennimore,Winter2019,200,17909
PCBG%5Csmccague,Winter2019,200,17909
PCBG%5Csknight,Winter2019,200,17909
PCBG%5Cslind,Winter2019,200,17909
PCBG%5Csmanzinger,Winter2019,200,17909
PCBG%5Csneezeweed,Winter2019,200,17909
PCBG%5Csnicassio,Winter2019,200,17909
PCBG%5Cssokolowski,Winter2019,TIMEOUT,TIMEOUT
PCBG%5Csstates,Winter2019,200,17909
PCBG%5Csstern,Winter2019,200,17909
PCBG%5Cssurrel,Winter2019,200,17909
PCBG%5Csthiros,Winter2019,200,17909
PCBG%5Cstorefriends,Winter2019,200,17909
PCBG%5Csubmissions,Winter2019,200,17909
PCBG%5Cssmith,Winter2019,200,17909
PCBG%5Csustainableprogramsdistributiongroup,Winter2019,200,17909
PCBG%5Csharris,Winter2019,200,17909
PCBG%5CSystemAlerts,Winter2019,200,17909
PCBG%5Ctcheatham,Winter2019,200,17909
PCBG%5CTMonks,Winter2019,200,17909
PCBG%5Ctpittas,Winter2019,200,17909
PCBG%5Ctry,Winter2019,200,17909
PCBG%5Ctvought,Winter2019,200,17909
PCBG%5Cvgohn,Winter2019,200,17909
PCBG%5Cvmagiera,Winter2019,200,17909
PCBG%5Cvol,Winter2019,200,17909
PCBG%5Cvolunteersdistributiongroup,Winter2019,200,17909
PCBG%5Cwdelancey,Winter2019,200,17909
PCBG%5Cwlinn,Winter2019,200,17909
PCBG%5Cwstroup,Winter2019,200,17909
PCBG%5Caallen,January19,200,17909
PCBG%5Caanderson,January19,200,17909
PCBG%5Caccounting,January19,200,17909
PCBG%5Cacowie,January19,200,17909
PCBG%5Cacrosby,January19,200,17909
PCBG%5Cacyprowski,January19,200,17909
PCBG%5Cadean,January19,200,17909
PCBG%5Cadmissions,January19,200,17909
PCBG%5Cadmissionsdistributiongroup,January19,200,17909
PCBG%5Cadulteducationdistributiongroup,January19,200,17909
PCBG%5Caebenstein,January19,200,17909
PCBG%5Caglick,January19,200,17909
PCBG%5Cagundlach,January19,200,17909
PCBG%5Cahaas,January19,200,17909
PCBG%5Cahindman,January19,200,17909
PCBG%5Cahoward,January19,200,17909
PCBG%5Cakirstein,January19,200,17909
PCBG%5Cakoteski,January19,200,17909
PCBG%5Cakrick,January19,200,17909
PCBG%5Caltru,January19,200,17909
PCBG%5CAltruConversion,January19,200,17909
PCBG%5Casciulli,January19,200,17909
PCBG%5Caniruttan,January19,200,17909
PCBG%5Cannualgiving,January19,200,17909
PCBG%5Cap,January19,200,17909
PCBG%5Cacubarney,January19,200,17909
PCBG%5Casmith,January19,200,17909
PCBG%5Casuleski,January19,200,17909
PCBG%5Catyner,January19,200,17909
PCBG%5Caward,January19,200,17909
PCBG%5Cbeebalm,January19,200,17909
PCBG%5Cbia,January19,200,17909
PCBG%5Cbioblitz,January19,200,17909
PCBG%5Cbiophilia,January19,200,17909
PCBG%5CBNovak,January19,200,17909
PCBG%5Cbrutkowski,January19,200,17909
PCBG%5Cbscott,January19,200,17909
PCBG%5Cbsmith,January19,200,17909
PCBG%5Cbtisherman,January19,200,17909
PCBG%5CBuildingAutomationAlerts,January19,200,17909
PCBG%5Cbusinessofficedistributiongroup,January19,200,17909
PCBG%5Cbwalsh,January19,200,17909
PCBG%5Ccafedistributiongroup,January19,200,17909
PCBG%5Cchooks,January19,200,17909
PCBG%5Ccatering,January19,200,17909
PCBG%5CCateringForwardGroup,January19,200,17909
PCBG%5Ccateringforwardinggroup,January19,200,17909
PCBG%5Ccbauman,January19,200,17909
PCBG%5Ccbotti-schwartz,January19,200,17909
PCBG%5Ccdunlap,January19,200,17909
PCBG%5CCDusak,January19,200,17909
PCBG%5Cceeva,January19,200,17909
PCBG%5Ccreed,January19,200,17909
PCBG%5Ccfo,January19,200,17909
PCBG%5Ccgeorge,January19,200,17909
PCBG%5Cckrenn,January19,200,17909
PCBG%5Cckupis,January19,200,17909
PCBG%5Cclassroom_atrium,January19,200,17909
PCBG%5Ccmalmborg,January19,200,17909
PCBG%5Ccnalitz,January19,200,17909
PCBG%5Ccneumann,January19,200,17909
PCBG%5Ccnolan,January19,200,17909
PCBG%5CConfRooms,January19,200,17909
PCBG%5Ccdemery,January19,200,17909
PCBG%5CCPesanka,January19,200,17909
PCBG%5Ccsalitrik,January19,200,17909
PCBG%5Ccsl,January19,200,17909
PCBG%5CCSLConferenceRooms,January19,200,17909
PCBG%5Ccslsitestaffdistributiongroup,January19,200,17909
PCBG%5CCSL1-AMP,January19,200,17909
PCBG%5CCSL1-ATRIUM,January19,200,17909
PCBG%5CCSL1-BREAKRM,January19,200,17909
PCBG%5CCSL1-CLASSRM,January19,200,17909
PCBG%5CCSL1-CONF-1,January19,200,17909
PCBG%5CCSL1-OUTDOOR,January19,200,17909
PCBG%5CCSL1-PHONE,January19,200,17909
PCBG%5CCSL2-ATRIUM,January19,200,17909
PCBG%5CCSL2-BRKOUT,January19,200,17909
PCBG%5CCSL2-CONF-1,January19,200,17909
PCBG%5CCSL2-CONF-2,January19,200,17909
PCBG%5CCSL2-CONF-3,January19,200,17909
PCBG%5CCSL3-Atrium,January19,200,17909
PCBG%5CCSL3-ROOF,January19,200,17909
PCBG%5Ccspadmin,January19,200,17909
PCBG%5Ccvsitestaffdistributiongroup,January19,200,17909
PCBG%5CCV-BH1-KITCHEN,January19,200,17909
PCBG%5CCV-BH2-LEC,January19,200,17909
PCBG%5CCV-BRODERIE,January19,200,17909
PCBG%5CCV-CAFE,January19,200,17909
PCBG%5CCV-DESERT,January19,200,17909
PCBG%5CCV-DISCOVERY,January19,200,17909
PCBG%5CCV-EAST,January19,200,17909
PCBG%5CCV-EVENTS,January19,200,17909
PCBG%5CCV-FERN,January19,200,17909
PCBG%5CCV-FRUIT,January19,200,17909
PCBG%5CCV-GALLERY,January19,200,17909
PCBG%5CCV-JAPANESE,January19,200,17909
PCBG%5CCV-ORCHID,January19,200,17909
PCBG%5CCV-OUTDOOR,January19,200,17909
PCBG%5CCV-PALM,January19,200,17909
PCBG%5CCV-SERP,January19,200,17909
PCBG%5CCV-SOUTH,January19,200,17909
PCBG%5CCV-STOVE,January19,200,17909
PCBG%5CCV-SUNKEN,January19,200,17909
PCBG%5CCV-TROPICAL,January19,200,17909
PCBG%5CCV-VICTORIA,January19,200,17909
PCBG%5CCV-WELCOME,January19,200,17909
PCBG%5Ccwalker,January19,200,17909
PCBG%5Ccweisberg,January19,200,17909
PCBG%5Ccwinkelbauer,January19,200,17909
PCBG%5Cdpatton,January19,200,17909
PCBG%5Cddelzer,January19,200,17909
PCBG%5Cddiehl,January19,200,17909
PCBG%5Cdebaugh,January19,200,17909
PCBG%5Cdeinloth,January19,200,17909
PCBG%5Cdevelopment,January19,200,17909
PCBG%5Cdevelopmentdistributiongroup,January19,200,17909
PCBG%5Cdevelopmentintern,January19,200,17909
PCBG%5Cdevtemp,January19,200,17909
PCBG%5Cdgoldhagen,January19,200,17909
PCBG%5Cdwysocki,January19,200,17909
PCBG%5Cdirectorsofficedistributiongroup,January19,200,17909
PCBG%5Cdiscoverydistributiongroup,January19,200,17909
PCBG%5Cdknorr,January19,200,17909
PCBG%5Cdlucas,January19,200,17909
PCBG%5Cdrphipps,January19,200,17909
PCBG%5Cdswank,January19,200,17909
PCBG%5Cechierici,January19,200,17909
PCBG%5Cedu2,January19,200,17909
PCBG%5Ceglowczewski,January19,200,17909
PCBG%5Cehorner,January19,200,17909
PCBG%5Cejohns,January19,200,17909
PCBG%5Cemasterson,January19,200,17909
PCBG%5Cemelbert,January19,200,17909
PCBG%5Cenye,January19,200,17909
PCBG%5Cepoole,January19,200,17909
PCBG%5Cesaltmarsh,January19,200,17909
PCBG%5CESCPIN,January19,200,17909
PCBG%5Ceventsalesdistributiongroup,January19,200,17909
PCBG%5Ceventsales,January19,200,17909
PCBG%5Cexecdir,January19,200,17909
PCBG%5Cfacilities,January19,200,17909
PCBG%5Cfacilitiesdistributiongroup,January19,200,17909
PCBG%5Cfairchildchallenge,January19,200,17909
PCBG%5Cfoldestierna,January19,200,17909
PCBG%5Cgamrathnights,January19,200,17909
PCBG%5Cgardencenter,January19,200,17909
PCBG%5Cgarthur,January19,200,17909
PCBG%5Cgcsitestaffdistributiongroup,January19,200,17909
PCBG%5CGC1-CLASS1,January19,200,17909
PCBG%5CGC1-CLASS2,January19,200,17909
PCBG%5CGC1-KITCHEN,January19,200,17909
PCBG%5CGC1-LARGE,January19,200,17909
PCBG%5CGC1-LIB,January19,200,17909
PCBG%5CGC1-PATIO,January19,200,17909
PCBG%5CGC1-SMALL,January19,200,17909
PCBG%5CGC2-CONF,January19,200,17909
PCBG%5Cgdepasquale,January19,200,17909
PCBG%5CGDuFour,January19,200,17909
PCBG%5Cgiftshopdistributiongroup,January19,200,17909
PCBG%5CGreen_Roof_Atrium,January19,200,17909
PCBG%5CGreenline,January19,200,17909
PCBG%5Cgrouptours,January19,200,17909
PCBG%5Cgroupvisits,January19,200,17909
PCBG%5Cgtilove,January19,200,17909
PCBG%5Cguestservice,January19,200,17909
PCBG%5Cgwalton,January19,200,17909
PCBG%5Cgworthington,January19,200,17909
PCBG%5Cgyao,January19,200,17909
PCBG%5Chstarcher,January19,200,17909
PCBG%5Chulmer,January19,200,17909
PCBG%5Chcurcio,January19,200,17909
PCBG%5Choaryskullcap,January19,200,17909
PCBG%5Chomegrown,January19,200,17909
PCBG%5Chort,January19,200,17909
PCBG%5Chorticulturedistributiongroup,January19,200,17909
PCBG%5Chr,January19,200,17909
PCBG%5Chshannon,January19,200,17909
PCBG%5Chumanresourcesdistributiongroup,January19,200,17909
PCBG%5Cibuena,January19,200,17909
PCBG%5Cinformationtechnologydistributiongroup,January19,200,17909
PCBG%5Cisegev,January19,200,17909
PCBG%5Citmgr,January19,200,17909
PCBG%5Citsupport,January19,200,17909
PCBG%5Ciweaver-herrera,January19,200,17909
PCBG%5Cjbodnar,January19,200,17909
PCBG%5Cjcheeseman,January19,200,17909
PCBG%5Cjcrockett,January19,200,17909
PCBG%5Cjecklin,January19,200,17909
PCBG%5Cjnguyen,January19,200,17909
PCBG%5Cjpontis,January19,200,17909
PCBG%5Cjevans,January19,200,17909
PCBG%5Cjfabus,January19,200,17909
PCBG%5Cjfaust,January19,200,17909
PCBG%5Cjhardy,January19,200,17909
PCBG%5Cjhorenstein,January19,200,17909
PCBG%5Cjhutto,January19,200,17909
PCBG%5CJKortz,January19,200,17909
PCBG%5Cjlabar,January19,200,17909
PCBG%5Cjlong,January19,200,17909
PCBG%5Cjmelino,January19,200,17909
PCBG%5Cjmorgan,January19,200,17909
PCBG%5Cjolshock,January19,200,17909
PCBG%5Cjpaterson,January19,200,17909
PCBG%5Cjrazryadov,January19,200,17909
PCBG%5Cjreed,January19,200,17909
PCBG%5Cjsmith2,January19,200,17909
PCBG%5Cjsmith,January19,200,17909
PCBG%5Cjsutter,January19,200,17909
PCBG%5Cjtorrance,January19,200,17909
PCBG%5Cjwirick,January19,200,17909
PCBG%5Cksantelli,January19,200,17909
PCBG%5Ckseech,January19,200,17909
PCBG%5Ckclem,January19,200,17909
PCBG%5Ckdunkelberger,January19,200,17909
PCBG%5Ckgreen,January19,200,17909
PCBG%5Ckhaughey,January19,200,17909
PCBG%5Ckkelly,January19,200,17909
PCBG%5CKKelty,January19,200,17909
PCBG%5Cklarsen,January19,200,17909
PCBG%5Cklightell,January19,200,17909
PCBG%5Cklynch,January19,200,17909
PCBG%5Ckmascatelli,January19,200,17909
PCBG%5Ckorlandini,January19,200,17909
PCBG%5Ckragen,January19,200,17909
PCBG%5Ckregan,January19,200,17909
PCBG%5Ckschuller,January19,200,17909
PCBG%5Ckuranker,January19,200,17909
PCBG%5Ckwalsh,January19,200,17909
PCBG%5CKWerner,January19,200,17909
PCBG%5Ckzuch,January19,200,17909
PCBG%5Clbaumann,January19,200,17909
PCBG%5Cldap,January19,200,17909
PCBG%5Cldelorenze,January19,200,17909
PCBG%5Cletsmove,January19,200,17909
PCBG%5Clfarren,January19,200,17909
PCBG%5Clleiden,January19,200,17909
PCBG%5Clmp,January19,200,17909
PCBG%5Clmpvolunteer,January19,200,17909
PCBG%5Clquirin,January19,200,17909
PCBG%5Clschoch,January19,200,17909
PCBG%5Clthompson,January19,200,17909
PCBG%5Clweeks,January19,200,17909
PCBG%5Cmallworth,January19,200,17909
PCBG%5Cmaltieri,January19,200,17909
PCBG%5Cmangers,January19,200,17909
PCBG%5Cmwheeler-dubas,January19,200,17909
PCBG%5Cmarketingintern,January19,200,17909
PCBG%5Cmarket,January19,200,17909
PCBG%5Cmarketingdistributiongroup,January19,200,17909
PCBG%5Cmartemp,January19,200,17909
PCBG%5Cmbechtel,January19,200,17909
PCBG%5Cmbelonus,January19,200,17909
PCBG%5Cmboring,January19,200,17909
PCBG%5Cmbosco,January19,200,17909
PCBG%5Cmbray,January19,200,17909
PCBG%5Cmcassidy,January19,200,17909
PCBG%5Cmchecchio,January19,200,17909
PCBG%5Cmdamico,January19,200,17909
PCBG%5Cmdangelo,January19,200,17909
PCBG%5Cmdemars,January19,200,17909
PCBG%5Cmsmallwood,January19,200,17909
PCBG%5Cmembers,January19,200,17909
PCBG%5Cmembershipdistributiongroup,January19,200,17909
PCBG%5Cmemtemp,January19,200,17909
PCBG%5Cmfarrell,January19,200,17909
PCBG%5Cmfindley,January19,200,17909
PCBG%5Cmfrank,January19,200,17909
PCBG%5Cmgalia,January19,200,17909
PCBG%5Cmgraf,January19,200,17909
PCBG%5Cmkrywicki,January19,200,17909
PCBG%5Cmlinton,January19,200,17909
PCBG%5Cmlocante,January19,200,17909
PCBG%5Cmlovelace,January19,200,17909
PCBG%5Cmlowman,January19,200,17909
PCBG%5Cmmarchese,January19,200,17909
PCBG%5Cmmears,January19,200,17909
PCBG%5Cmmillward,January19,200,17909
PCBG%5CMODReportRecipients,January19,200,17909
PCBG%5CMHarris,January19,200,17909
PCBG%5Cmquenaudon,January19,200,17909
PCBG%5CMRadebaugh,January19,200,17909
PCBG%5Cmrhoades,January19,200,17909
PCBG%5Cmrizk,January19,200,17909
PCBG%5Cmscanlon,January19,200,17909
PCBG%5Cmspirer,January19,200,17909
PCBG%5Cmtkacs,January19,200,17909
PCBG%5Cmtrinkle,January19,200,17909
PCBG%5Cmwroble,January19,200,17909
PCBG%5Cmwu,January19,200,17909
PCBG%5Cmyocolano,January19,200,17909
PCBG%5Cnbowser,January19,200,17909
PCBG%5Cncovington,January19,200,17909
PCBG%5CNJankowiak,January19,200,17909
PCBG%5Cnrodrigues,January19,200,17909
PCBG%5Cnrubenstein,January19,200,17909
PCBG%5Cntelech,January19,200,17909
PCBG%5Cntoscano,January19,200,17909
PCBG%5Cnzoldak,January19,200,17909
PCBG%5COffice_Level_Atrium,January19,200,17909
PCBG%5Cpaypal,January19,200,17909
PCBG%5CPhipps1,January19,200,17909
PCBG%5Cphippsconservatorystaffdistributiongroup,January19,200,17909
PCBG%5Cresearchcal,January19,200,17909
PCBG%5Cprice,January19,200,17909
PCBG%5Cpricklypear,January19,200,17909
PCBG%5Cpwidek,January19,200,17909
PCBG%5Crkernic,January19,200,17909
PCBG%5Cresearch,January19,200,17909
PCBG%5Creservations,January19,200,17909
PCBG%5Crkleekpo,January19,200,17909
PCBG%5CRPiacentini,January19,200,17909
PCBG%5Crskolnicki,January19,200,17909
PCBG%5Crstipcak,January19,200,17909
PCBG%5Crgott,January19,200,17909
PCBG%5Csabbott,January19,200,17909
PCBG%5Csafety,January19,200,17909
PCBG%5Csmalcom,January19,200,17909
PCBG%5Csbertovich,January19,200,17909
PCBG%5Csbucklin,January19,200,17909
PCBG%5Cscarini,January19,200,17909
PCBG%5Cscied,January19,200,17909
PCBG%5Csciedintern,January19,200,17909
PCBG%5Cscienceeducationdistributiongroup,January19,200,17909
PCBG%5CSDuncan,January19,200,17909
PCBG%5Cnaturelab,January19,200,17909
PCBG%5Csellis,January19,200,17909
PCBG%5Csgriffen,January19,200,17909
PCBG%5Cshaines,January19,200,17909
PCBG%5Csfennimore,January19,200,17909
PCBG%5Csmccague,January19,200,17909
PCBG%5Csknight,January19,200,17909
PCBG%5Cslind,January19,200,17909
PCBG%5Csmanzinger,January19,200,17909
PCBG%5Csneezeweed,January19,200,17909
PCBG%5Csnicassio,January19,200,17909
PCBG%5Cssokolowski,January19,200,17909
PCBG%5Csstates,January19,200,17909
PCBG%5Csstern,January19,200,17909
PCBG%5Cssurrel,January19,200,17909
PCBG%5Csthiros,January19,200,17909
PCBG%5Cstorefriends,January19,200,17909
PCBG%5Csubmissions,January19,200,17909
PCBG%5Cssmith,January19,200,17909
PCBG%5Csustainableprogramsdistributiongroup,January19,200,17909
PCBG%5Csharris,January19,200,17909
PCBG%5CSystemAlerts,January19,200,17909
PCBG%5Ctcheatham,January19,200,17909
PCBG%5CTMonks,January19,200,17909
PCBG%5Ctpittas,January19,200,17909
PCBG%5Ctry,January19,200,17909
PCBG%5Ctvought,January19,200,17909
PCBG%5Cvgohn,January19,200,17909
PCBG%5Cvmagiera,January19,200,17909
PCBG%5Cvol,January19,200,17909
PCBG%5Cvolunteersdistributiongroup,January19,200,17909
PCBG%5Cwdelancey,January19,200,17909
PCBG%5Cwlinn,January19,200,17909
PCBG%5Cwstroup,January19,200,17909
